Algorithm,InputType,Size,TimeNs,TimeMs,MaxDepth,Comparisons
MergeSort,Random,1000,66100,0.0661,7,10136
QuickSort,Random,1000,97400,0.0974,6,16643
DeterministicSelect,Random,1000,85500,0.0855,9,8786
MergeSort,Sorted,1000,7200,0.0072,7,999
QuickSort,Sorted,1000,61700,0.0617,6,17245
DeterministicSelect,Sorted,1000,35800,0.0358,10,7261
MergeSort,Reverse-sorted,1000,33100,0.0331,7,10363
QuickSort,Reverse-sorted,1000,52900,0.0529,7,14367
DeterministicSelect,Reverse-sorted,1000,33100,0.0331,10,9217
MergeSort,Duplicate-heavy,1000,43700,0.0437,7,9784
QuickSort,Duplicate-heavy,1000,19400,0.0194,2,6078
DeterministicSelect,Duplicate-heavy,1000,33500,0.0335,6,6253
ClosestPair,Random,1000,1312600,1.3126,9,9346
MergeSort,Random,5000,485100,0.4851,10,58957
QuickSort,Random,5000,463000,0.4630,8,104504
DeterministicSelect,Random,5000,241500,0.2415,13,46750
MergeSort,Sorted,5000,45100,0.0451,10,4999
QuickSort,Sorted,5000,297200,0.2972,8,103862
DeterministicSelect,Sorted,5000,116200,0.1162,11,38210
MergeSort,Reverse-sorted,5000,138300,0.1383,10,44835
QuickSort,Reverse-sorted,5000,303100,0.3031,8,113046
DeterministicSelect,Reverse-sorted,5000,143800,0.1438,12,48672
MergeSort,Duplicate-heavy,5000,238200,0.2382,10,56508
QuickSort,Duplicate-heavy,5000,82100,0.0821,2,32171
DeterministicSelect,Duplicate-heavy,5000,141500,0.1415,7,33062
ClosestPair,Random,5000,5172400,5.1724,12,58042
MergeSort,Random,10000,770000,0.7700,11,128196
QuickSort,Random,10000,905400,0.9054,8,235784
DeterministicSelect,Random,10000,421100,0.4211,15,99602
MergeSort,Sorted,10000,67300,0.0673,11,9999
QuickSort,Sorted,10000,816300,0.8163,8,261782
DeterministicSelect,Sorted,10000,283900,0.2839,13,75734
MergeSort,Reverse-sorted,10000,290400,0.2904,11,94671
QuickSort,Reverse-sorted,10000,614300,0.6143,8,233610
DeterministicSelect,Reverse-sorted,10000,270200,0.2702,14,100055
MergeSort,Duplicate-heavy,10000,516400,0.5164,11,122442
QuickSort,Duplicate-heavy,10000,180400,0.1804,2,55043
DeterministicSelect,Duplicate-heavy,10000,223600,0.2236,7,43338
ClosestPair,Random,10000,11139300,11.1393,13,126351
MergeSort,Random,25000,2899500,2.8995,12,362383
QuickSort,Random,25000,3192200,3.1922,9,625142
DeterministicSelect,Random,25000,1631900,1.6319,15,237552
MergeSort,Sorted,25000,170900,0.1709,12,24999
QuickSort,Sorted,25000,1997300,1.9973,9,674350
DeterministicSelect,Sorted,25000,717900,0.7179,15,197204
MergeSort,Reverse-sorted,25000,1175400,1.1754,12,279251
QuickSort,Reverse-sorted,25000,1748200,1.7482,10,632924
DeterministicSelect,Reverse-sorted,25000,664300,0.6643,15,251567
MergeSort,Duplicate-heavy,25000,1328100,1.3281,12,344789
QuickSort,Duplicate-heavy,25000,397200,0.3972,2,122075
DeterministicSelect,Duplicate-heavy,25000,422600,0.4226,7,93018
ClosestPair,Random,25000,50001300,50.0013,14,347984
MergeSort,Random,50000,5619300,5.6193,13,773422
QuickSort,Random,50000,5848600,5.8486,10,1356179
DeterministicSelect,Random,50000,2356700,2.3567,16,508748
MergeSort,Sorted,50000,162900,0.1629,13,49999
QuickSort,Sorted,50000,5041100,5.0411,10,1463814
DeterministicSelect,Sorted,50000,1188100,1.1881,16,391645
MergeSort,Reverse-sorted,50000,1820800,1.8208,13,583503
QuickSort,Reverse-sorted,50000,4090600,4.0906,10,1411204
DeterministicSelect,Reverse-sorted,50000,1409000,1.4090,16,510802
MergeSort,Duplicate-heavy,50000,3209000,3.2090,13,736587
QuickSort,Duplicate-heavy,50000,954000,0.9540,2,260201
DeterministicSelect,Duplicate-heavy,50000,1557800,1.5578,8,329250
ClosestPair,Random,50000,89210400,89.2104,15,746089
